{"cameraMode":{"drawMode":0,"name":"Shaded","section":"Shading Mode"},"sceneLighting":true,"audioPlay":false,"sceneViewState":{"m_AlwaysRefresh":false,"showFog":true,"showSkybox":true,"showFlares":true,"showImageEffects":true,"showParticleSystems":true,"showVisualEffectGraphs":true,"m_FxEnabled":true},"in2DMode":false,"pivot":{"x":-0.4753751754760742,"y":-0.00001430511474609375,"z":-0.3529653549194336},"rotation":{"x":-0.22936438024044038,"y":0.31355273723602297,"z":-0.07833538949489594,"w":-0.9181235432624817},"size":16.374755859375,"orthographic":false}