{"cameraMode":{"drawMode":0,"name":"Shaded","section":"Shading Mode"},"sceneLighting":true,"audioPlay":false,"sceneViewState":{"m_AlwaysRefresh":false,"showFog":true,"showSkybox":true,"showFlares":true,"showImageEffects":true,"showParticleSystems":true,"showVisualEffectGraphs":true,"m_FxEnabled":true},"in2DMode":false,"pivot":{"x":3.9650487899780275,"y":4.963018894195557,"z":2.16131591796875},"rotation":{"x":-0.022188782691955568,"y":0.0029941764660179617,"z":0.00007458785694325343,"w":0.9997602701187134},"size":7.603736400604248,"orthographic":false}