{"cameraMode":{"drawMode":0,"name":"Shaded","section":"Shading Mode"},"sceneLighting":false,"audioPlay":false,"sceneViewState":{"m_AlwaysRefresh":false,"showFog":true,"showSkybox":false,"showFlares":true,"showImageEffects":true,"showParticleSystems":true,"showVisualEffectGraphs":true,"m_FxEnabled":true},"in2DMode":false,"pivot":{"x":-1.4582490921020508,"y":-0.025188446044921876,"z":1.6590662002563477},"rotation":{"x":-0.24662832915782929,"y":0.35768696665763857,"z":-0.09853814542293549,"w":-0.8952841758728027},"size":9.152280807495118,"orthographic":false}